2661602640.1.jpg,/fslhome/winger42/fsl_groups/fslg_bigdata/compute/walmart_sub/test/2661602640.1.jpg
3399103040.1.JPG,/fslhome/winger42/fsl_groups/fslg_bigdata/compute/walmart_sub/test/3399103040.1.JPG
3399103520.1.JPG,/fslhome/winger42/fsl_groups/fslg_bigdata/compute/walmart_sub/test/3399103520.1.JPG
3980007680.1.JPG,/fslhome/winger42/fsl_groups/fslg_bigdata/compute/walmart_sub/test/3980007680.1.JPG
5064466330.1.JPG,/fslhome/winger42/fsl_groups/fslg_bigdata/compute/walmart_sub/test/5064466330.1.JPG
68098819470.1.JPG,/fslhome/winger42/fsl_groups/fslg_bigdata/compute/walmart_sub/test/68098819470.1.JPG
68113100200.1.JPG,/fslhome/winger42/fsl_groups/fslg_bigdata/compute/walmart_sub/test/68113100200.1.JPG
68113102370.1.JPG,/fslhome/winger42/fsl_groups/fslg_bigdata/compute/walmart_sub/test/68113102370.1.JPG
68113105500.1.JPG,/fslhome/winger42/fsl_groups/fslg_bigdata/compute/walmart_sub/test/68113105500.1.JPG
68113105560.1.JPG,/fslhome/winger42/fsl_groups/fslg_bigdata/compute/walmart_sub/test/68113105560.1.JPG
68113107320.1.JPG,/fslhome/winger42/fsl_groups/fslg_bigdata/compute/walmart_sub/test/68113107320.1.JPG
68113112060.1.JPG,/fslhome/winger42/fsl_groups/fslg_bigdata/compute/walmart_sub/test/68113112060.1.JPG
68538730600.1.JPG,/fslhome/winger42/fsl_groups/fslg_bigdata/compute/walmart_sub/test/68538730600.1.JPG
68538737200.1.jpg,/fslhome/winger42/fsl_groups/fslg_bigdata/compute/walmart_sub/test/68538737200.1.jpg
68538738650.1.JPG,/fslhome/winger42/fsl_groups/fslg_bigdata/compute/walmart_sub/test/68538738650.1.JPG
70110749080.1.JPG,/fslhome/winger42/fsl_groups/fslg_bigdata/compute/walmart_sub/test/70110749080.1.JPG
70595403100.1.jpg,/fslhome/winger42/fsl_groups/fslg_bigdata/compute/walmart_sub/test/70595403100.1.jpg
70595403110.1.jpg,/fslhome/winger42/fsl_groups/fslg_bigdata/compute/walmart_sub/test/70595403110.1.jpg
70595403130.1.JPG,/fslhome/winger42/fsl_groups/fslg_bigdata/compute/walmart_sub/test/70595403130.1.JPG
70595403140.1.JPG,/fslhome/winger42/fsl_groups/fslg_bigdata/compute/walmart_sub/test/70595403140.1.JPG
70595403160.1.jpg,/fslhome/winger42/fsl_groups/fslg_bigdata/compute/walmart_sub/test/70595403160.1.jpg
70595403170.1.JPG,/fslhome/winger42/fsl_groups/fslg_bigdata/compute/walmart_sub/test/70595403170.1.JPG
70595404060.1.jpg,/fslhome/winger42/fsl_groups/fslg_bigdata/compute/walmart_sub/test/70595404060.1.jpg
70595404200.1.jpg,/fslhome/winger42/fsl_groups/fslg_bigdata/compute/walmart_sub/test/70595404200.1.jpg
70595404210.1.jpg,/fslhome/winger42/fsl_groups/fslg_bigdata/compute/walmart_sub/test/70595404210.1.jpg
70595404260.1.JPG,/fslhome/winger42/fsl_groups/fslg_bigdata/compute/walmart_sub/test/70595404260.1.JPG
70595405050.1.jpg,/fslhome/winger42/fsl_groups/fslg_bigdata/compute/walmart_sub/test/70595405050.1.jpg
70595405080.1.JPG,/fslhome/winger42/fsl_groups/fslg_bigdata/compute/walmart_sub/test/70595405080.1.JPG
70595476010.1.JPG,/fslhome/winger42/fsl_groups/fslg_bigdata/compute/walmart_sub/test/70595476010.1.JPG
70595476020.1.JPG,/fslhome/winger42/fsl_groups/fslg_bigdata/compute/walmart_sub/test/70595476020.1.JPG
70595476030.1.JPG,/fslhome/winger42/fsl_groups/fslg_bigdata/compute/walmart_sub/test/70595476030.1.JPG
70595476040.1.JPG,/fslhome/winger42/fsl_groups/fslg_bigdata/compute/walmart_sub/test/70595476040.1.JPG
70595476060.1.JPG,/fslhome/winger42/fsl_groups/fslg_bigdata/compute/walmart_sub/test/70595476060.1.JPG
70595489010.1.JPG,/fslhome/winger42/fsl_groups/fslg_bigdata/compute/walmart_sub/test/70595489010.1.JPG
70595490100.1.JPG,/fslhome/winger42/fsl_groups/fslg_bigdata/compute/walmart_sub/test/70595490100.1.JPG
70595490130.1.JPG,/fslhome/winger42/fsl_groups/fslg_bigdata/compute/walmart_sub/test/70595490130.1.JPG
71495162150.1.JPG,/fslhome/winger42/fsl_groups/fslg_bigdata/compute/walmart_sub/test/71495162150.1.JPG
72286843970.1.JPG,/fslhome/winger42/fsl_groups/fslg_bigdata/compute/walmart_sub/test/72286843970.1.JPG
72286845030.1.JPG,/fslhome/winger42/fsl_groups/fslg_bigdata/compute/walmart_sub/test/72286845030.1.JPG
72286858630.1.JPG,/fslhome/winger42/fsl_groups/fslg_bigdata/compute/walmart_sub/test/72286858630.1.JPG
72286878730.1.JPG,/fslhome/winger42/fsl_groups/fslg_bigdata/compute/walmart_sub/test/72286878730.1.JPG
72286885240.1.JPG,/fslhome/winger42/fsl_groups/fslg_bigdata/compute/walmart_sub/test/72286885240.1.JPG
72286885310.1.JPG,/fslhome/winger42/fsl_groups/fslg_bigdata/compute/walmart_sub/test/72286885310.1.JPG
72286888230.1.jpg,/fslhome/winger42/fsl_groups/fslg_bigdata/compute/walmart_sub/test/72286888230.1.jpg
72286890470.1.JPG,/fslhome/winger42/fsl_groups/fslg_bigdata/compute/walmart_sub/test/72286890470.1.JPG
72286890720.1.JPG,/fslhome/winger42/fsl_groups/fslg_bigdata/compute/walmart_sub/test/72286890720.1.JPG
72286892770.1.JPG,/fslhome/winger42/fsl_groups/fslg_bigdata/compute/walmart_sub/test/72286892770.1.JPG
72286893710.1.JPG,/fslhome/winger42/fsl_groups/fslg_bigdata/compute/walmart_sub/test/72286893710.1.JPG
72286895830.1.JPG,/fslhome/winger42/fsl_groups/fslg_bigdata/compute/walmart_sub/test/72286895830.1.JPG
72286899190.1.JPG,/fslhome/winger42/fsl_groups/fslg_bigdata/compute/walmart_sub/test/72286899190.1.JPG
72286899210.1.JPG,/fslhome/winger42/fsl_groups/fslg_bigdata/compute/walmart_sub/test/72286899210.1.JPG
74588366270.1.JPG,/fslhome/winger42/fsl_groups/fslg_bigdata/compute/walmart_sub/test/74588366270.1.JPG
74588369230.1.JPG,/fslhome/winger42/fsl_groups/fslg_bigdata/compute/walmart_sub/test/74588369230.1.JPG
75149257330.1.JPG,/fslhome/winger42/fsl_groups/fslg_bigdata/compute/walmart_sub/test/75149257330.1.JPG
7734110920.1.JPG,/fslhome/winger42/fsl_groups/fslg_bigdata/compute/walmart_sub/test/7734110920.1.JPG
80511201030.1.jpg,/fslhome/winger42/fsl_groups/fslg_bigdata/compute/walmart_sub/test/80511201030.1.jpg
81047202030.1.JPG,/fslhome/winger42/fsl_groups/fslg_bigdata/compute/walmart_sub/test/81047202030.1.JPG
81047202250.1.JPG,/fslhome/winger42/fsl_groups/fslg_bigdata/compute/walmart_sub/test/81047202250.1.JPG
81047202520.1.JPG,/fslhome/winger42/fsl_groups/fslg_bigdata/compute/walmart_sub/test/81047202520.1.JPG
81724302490.1.JPG,/fslhome/winger42/fsl_groups/fslg_bigdata/compute/walmart_sub/test/81724302490.1.JPG
81724302600.1.JPG,/fslhome/winger42/fsl_groups/fslg_bigdata/compute/walmart_sub/test/81724302600.1.JPG
81724303510.1.jpg,/fslhome/winger42/fsl_groups/fslg_bigdata/compute/walmart_sub/test/81724303510.1.jpg
84007619320.1.JPG,/fslhome/winger42/fsl_groups/fslg_bigdata/compute/walmart_sub/test/84007619320.1.JPG
84135110020.1.jpg,/fslhome/winger42/fsl_groups/fslg_bigdata/compute/walmart_sub/test/84135110020.1.jpg
84551900000.1.JPG,/fslhome/winger42/fsl_groups/fslg_bigdata/compute/walmart_sub/test/84551900000.1.JPG
84551900120.1.JPG,/fslhome/winger42/fsl_groups/fslg_bigdata/compute/walmart_sub/test/84551900120.1.JPG
84784300000.1.JPG,/fslhome/winger42/fsl_groups/fslg_bigdata/compute/walmart_sub/test/84784300000.1.JPG
84784300150.1.JPG,/fslhome/winger42/fsl_groups/fslg_bigdata/compute/walmart_sub/test/84784300150.1.JPG
84817000250.1.JPG,/fslhome/winger42/fsl_groups/fslg_bigdata/compute/walmart_sub/test/84817000250.1.JPG
84817000280.1.JPG,/fslhome/winger42/fsl_groups/fslg_bigdata/compute/walmart_sub/test/84817000280.1.JPG
8538730340.1.JPG,/fslhome/winger42/fsl_groups/fslg_bigdata/compute/walmart_sub/test/8538730340.1.JPG
88537052050.1.jpg,/fslhome/winger42/fsl_groups/fslg_bigdata/compute/walmart_sub/test/88537052050.1.jpg
88581900670.1.JPG,/fslhome/winger42/fsl_groups/fslg_bigdata/compute/walmart_sub/test/88581900670.1.JPG
88590939340.1.JPG,/fslhome/winger42/fsl_groups/fslg_bigdata/compute/walmart_sub/test/88590939340.1.JPG
88590943130.1.jpg,/fslhome/winger42/fsl_groups/fslg_bigdata/compute/walmart_sub/test/88590943130.1.jpg
88590962730.1.jpg,/fslhome/winger42/fsl_groups/fslg_bigdata/compute/walmart_sub/test/88590962730.1.jpg
88590962750.1.JPG,/fslhome/winger42/fsl_groups/fslg_bigdata/compute/walmart_sub/test/88590962750.1.JPG
88727608550.1.jpg,/fslhome/winger42/fsl_groups/fslg_bigdata/compute/walmart_sub/test/88727608550.1.jpg
2287636720.1.JPG,/fslhome/winger42/fsl_groups/fslg_bigdata/compute/walmart_sub/test/2287636720.1.JPG
2600053020.1.jpg,/fslhome/winger42/fsl_groups/fslg_bigdata/compute/walmart_sub/test/2600053020.1.jpg
2927657000.1.jpg,/fslhome/winger42/fsl_groups/fslg_bigdata/compute/walmart_sub/test/2927657000.1.jpg
4154000720.1.jpg,/fslhome/winger42/fsl_groups/fslg_bigdata/compute/walmart_sub/test/4154000720.1.jpg
4154061390.1.jpg,/fslhome/winger42/fsl_groups/fslg_bigdata/compute/walmart_sub/test/4154061390.1.jpg
4154066380.1.jpg,/fslhome/winger42/fsl_groups/fslg_bigdata/compute/walmart_sub/test/4154066380.1.jpg
4154070670.1.jpg,/fslhome/winger42/fsl_groups/fslg_bigdata/compute/walmart_sub/test/4154070670.1.jpg
66354290020.1.jpg,/fslhome/winger42/fsl_groups/fslg_bigdata/compute/walmart_sub/test/66354290020.1.jpg
68895548610.1.jpg,/fslhome/winger42/fsl_groups/fslg_bigdata/compute/walmart_sub/test/68895548610.1.jpg
7033018130.1.jpg,/fslhome/winger42/fsl_groups/fslg_bigdata/compute/walmart_sub/test/7033018130.1.jpg
7033019290.1.jpg,/fslhome/winger42/fsl_groups/fslg_bigdata/compute/walmart_sub/test/7033019290.1.jpg
7033031440.1.jpg,/fslhome/winger42/fsl_groups/fslg_bigdata/compute/walmart_sub/test/7033031440.1.jpg
7033034280.1.jpg,/fslhome/winger42/fsl_groups/fslg_bigdata/compute/walmart_sub/test/7033034280.1.jpg
7033034750.1.jpg,/fslhome/winger42/fsl_groups/fslg_bigdata/compute/walmart_sub/test/7033034750.1.jpg
7033035170.1.jpg,/fslhome/winger42/fsl_groups/fslg_bigdata/compute/walmart_sub/test/7033035170.1.jpg
7033040870.1.jpg,/fslhome/winger42/fsl_groups/fslg_bigdata/compute/walmart_sub/test/7033040870.1.jpg
7033042130.1.jpg,/fslhome/winger42/fsl_groups/fslg_bigdata/compute/walmart_sub/test/7033042130.1.jpg
7033042570.1.jpg,/fslhome/winger42/fsl_groups/fslg_bigdata/compute/walmart_sub/test/7033042570.1.jpg
7033045850.1.jpg,/fslhome/winger42/fsl_groups/fslg_bigdata/compute/walmart_sub/test/7033045850.1.jpg
7053000410.1.jpg,/fslhome/winger42/fsl_groups/fslg_bigdata/compute/walmart_sub/test/7053000410.1.jpg
7053000540.1.jpg,/fslhome/winger42/fsl_groups/fslg_bigdata/compute/walmart_sub/test/7053000540.1.jpg
7053000750.1.jpg,/fslhome/winger42/fsl_groups/fslg_bigdata/compute/walmart_sub/test/7053000750.1.jpg
7053033950.1.jpg,/fslhome/winger42/fsl_groups/fslg_bigdata/compute/walmart_sub/test/7053033950.1.jpg
7053033960.1.jpg,/fslhome/winger42/fsl_groups/fslg_bigdata/compute/walmart_sub/test/7053033960.1.jpg
7053040110.1.jpg,/fslhome/winger42/fsl_groups/fslg_bigdata/compute/walmart_sub/test/7053040110.1.jpg
7053060020.1.jpg,/fslhome/winger42/fsl_groups/fslg_bigdata/compute/walmart_sub/test/7053060020.1.jpg
7053061270.1.jpg,/fslhome/winger42/fsl_groups/fslg_bigdata/compute/walmart_sub/test/7053061270.1.jpg
7053067180.1.jpg,/fslhome/winger42/fsl_groups/fslg_bigdata/compute/walmart_sub/test/7053067180.1.jpg
71496314920.1.JPG,/fslhome/winger42/fsl_groups/fslg_bigdata/compute/walmart_sub/test/71496314920.1.JPG
71496315180.1.jpg,/fslhome/winger42/fsl_groups/fslg_bigdata/compute/walmart_sub/test/71496315180.1.jpg
7164100110.1.jpg,/fslhome/winger42/fsl_groups/fslg_bigdata/compute/walmart_sub/test/7164100110.1.jpg
7164102460.1.jpg,/fslhome/winger42/fsl_groups/fslg_bigdata/compute/walmart_sub/test/7164102460.1.jpg
7164102920.1.jpg,/fslhome/winger42/fsl_groups/fslg_bigdata/compute/walmart_sub/test/7164102920.1.jpg
7164103040.1.jpg,/fslhome/winger42/fsl_groups/fslg_bigdata/compute/walmart_sub/test/7164103040.1.jpg
7164104220.1.JPG,/fslhome/winger42/fsl_groups/fslg_bigdata/compute/walmart_sub/test/7164104220.1.JPG
7164104230.1.JPG,/fslhome/winger42/fsl_groups/fslg_bigdata/compute/walmart_sub/test/7164104230.1.JPG
7164104250.1.JPG,/fslhome/winger42/fsl_groups/fslg_bigdata/compute/walmart_sub/test/7164104250.1.JPG
7164110400.1.JPG,/fslhome/winger42/fsl_groups/fslg_bigdata/compute/walmart_sub/test/7164110400.1.JPG
7164122480.1.JPG,/fslhome/winger42/fsl_groups/fslg_bigdata/compute/walmart_sub/test/7164122480.1.JPG
7164127080.1.JPG,/fslhome/winger42/fsl_groups/fslg_bigdata/compute/walmart_sub/test/7164127080.1.JPG
7164132730.1.jpg,/fslhome/winger42/fsl_groups/fslg_bigdata/compute/walmart_sub/test/7164132730.1.jpg
7164132760.1.jpg,/fslhome/winger42/fsl_groups/fslg_bigdata/compute/walmart_sub/test/7164132760.1.jpg
7164133120.1.jpg,/fslhome/winger42/fsl_groups/fslg_bigdata/compute/walmart_sub/test/7164133120.1.jpg
7164137600.1.jpg,/fslhome/winger42/fsl_groups/fslg_bigdata/compute/walmart_sub/test/7164137600.1.jpg
7164138250.1.jpg,/fslhome/winger42/fsl_groups/fslg_bigdata/compute/walmart_sub/test/7164138250.1.jpg
7164161400.1.jpg,/fslhome/winger42/fsl_groups/fslg_bigdata/compute/walmart_sub/test/7164161400.1.jpg
7164173740.1.jpg,/fslhome/winger42/fsl_groups/fslg_bigdata/compute/walmart_sub/test/7164173740.1.jpg
7206712020.1.jpg,/fslhome/winger42/fsl_groups/fslg_bigdata/compute/walmart_sub/test/7206712020.1.jpg
7206712120.1.jpg,/fslhome/winger42/fsl_groups/fslg_bigdata/compute/walmart_sub/test/7206712120.1.jpg
7206713830.1.jpg,/fslhome/winger42/fsl_groups/fslg_bigdata/compute/walmart_sub/test/7206713830.1.jpg
7234841320.1.jpg,/fslhome/winger42/fsl_groups/fslg_bigdata/compute/walmart_sub/test/7234841320.1.jpg
72432879910.1.jpg,/fslhome/winger42/fsl_groups/fslg_bigdata/compute/walmart_sub/test/72432879910.1.jpg
72432886000.1.jpg,/fslhome/winger42/fsl_groups/fslg_bigdata/compute/walmart_sub/test/72432886000.1.jpg
72432886010.1.jpg,/fslhome/winger42/fsl_groups/fslg_bigdata/compute/walmart_sub/test/72432886010.1.jpg
72432886020.1.jpg,/fslhome/winger42/fsl_groups/fslg_bigdata/compute/walmart_sub/test/72432886020.1.jpg
72432886040.1.jpg,/fslhome/winger42/fsl_groups/fslg_bigdata/compute/walmart_sub/test/72432886040.1.jpg
72432886050.1.jpg,/fslhome/winger42/fsl_groups/fslg_bigdata/compute/walmart_sub/test/72432886050.1.jpg
72432892900.1.jpg,/fslhome/winger42/fsl_groups/fslg_bigdata/compute/walmart_sub/test/72432892900.1.jpg
7251207700.1.jpg,/fslhome/winger42/fsl_groups/fslg_bigdata/compute/walmart_sub/test/7251207700.1.jpg
7251212750.1.jpg,/fslhome/winger42/fsl_groups/fslg_bigdata/compute/walmart_sub/test/7251212750.1.jpg
7251219290.1.jpg,/fslhome/winger42/fsl_groups/fslg_bigdata/compute/walmart_sub/test/7251219290.1.jpg
7251222990.1.jpg,/fslhome/winger42/fsl_groups/fslg_bigdata/compute/walmart_sub/test/7251222990.1.jpg
7251226190.1.jpg,/fslhome/winger42/fsl_groups/fslg_bigdata/compute/walmart_sub/test/7251226190.1.jpg
72515001270.1.jpg,/fslhome/winger42/fsl_groups/fslg_bigdata/compute/walmart_sub/test/72515001270.1.jpg
7283825010.1.jpg,/fslhome/winger42/fsl_groups/fslg_bigdata/compute/walmart_sub/test/7283825010.1.jpg
7283826050.1.jpg,/fslhome/winger42/fsl_groups/fslg_bigdata/compute/walmart_sub/test/7283826050.1.jpg
7283826100.1.jpg,/fslhome/winger42/fsl_groups/fslg_bigdata/compute/walmart_sub/test/7283826100.1.jpg
7283831250.1.JPG,/fslhome/winger42/fsl_groups/fslg_bigdata/compute/walmart_sub/test/7283831250.1.JPG
7283832290.1.jpg,/fslhome/winger42/fsl_groups/fslg_bigdata/compute/walmart_sub/test/7283832290.1.jpg
7283835480.1.JPG,/fslhome/winger42/fsl_groups/fslg_bigdata/compute/walmart_sub/test/7283835480.1.JPG
7283877240.1.jpg,/fslhome/winger42/fsl_groups/fslg_bigdata/compute/walmart_sub/test/7283877240.1.jpg
7791404110.1.jpg,/fslhome/winger42/fsl_groups/fslg_bigdata/compute/walmart_sub/test/7791404110.1.jpg
7978425890.1.jpg,/fslhome/winger42/fsl_groups/fslg_bigdata/compute/walmart_sub/test/7978425890.1.jpg
7994619520.1.JPG,/fslhome/winger42/fsl_groups/fslg_bigdata/compute/walmart_sub/test/7994619520.1.JPG
81455001500.1.jpg,/fslhome/winger42/fsl_groups/fslg_bigdata/compute/walmart_sub/test/81455001500.1.jpg
85649000050.1.jpg,/fslhome/winger42/fsl_groups/fslg_bigdata/compute/walmart_sub/test/85649000050.1.jpg
85649000060.1.jpg,/fslhome/winger42/fsl_groups/fslg_bigdata/compute/walmart_sub/test/85649000060.1.jpg
85649000070.1.jpg,/fslhome/winger42/fsl_groups/fslg_bigdata/compute/walmart_sub/test/85649000070.1.jpg
85649000100.1.jpg,/fslhome/winger42/fsl_groups/fslg_bigdata/compute/walmart_sub/test/85649000100.1.jpg
890106980330.1.jpg,/fslhome/winger42/fsl_groups/fslg_bigdata/compute/walmart_sub/test/890106980330.1.jpg
890132401610.1.jpg,/fslhome/winger42/fsl_groups/fslg_bigdata/compute/walmart_sub/test/890132401610.1.jpg
89096882110.1.jpg,/fslhome/winger42/fsl_groups/fslg_bigdata/compute/walmart_sub/test/89096882110.1.jpg
